{
  "8317563450": {
    "expired": 88179836787.21278,
    "limit": 9999999,
    "used": 0,
    "last_reset": "2026-05-27"
  },
  "7439094850": {
    "tier": "ultra",
    "expired": 1782576944.44419
  }
}